Metric,Maximum_Value,Minimum_Value,Range,Average
Safer_TrueSkill_Score,9.63729639,0.80753084,8.82976555,5.222413615
INT2K,677.2069615273,15.2156540845,661.9913074428,346.2113078059
CH2K,201083.171875,0.0,201083.171875,100541.5859375